Index,Request number,Business  of request,Request entered by,Request Title,Description,New or Renewal,Supplier (preferred),Cost Center,Department / Business Unit,Category,Amount,Cost per unit,Total costs,Start date,End date,Comments,Reject,clarify with supplier,clarify request,on hold,Conduct RFP,Send out PO,botton7,General case description
1,Req - 2232,Peter Retep,Peter Retep,Software Licences for Abode,"extension of Software License for Abode, Contract has been signed last year for two year. Here only PO.",Renewal,Abode,CO 6767,COCO,Software Licences,500,285.4,142’700.00,01.01.2026,31.12.2026,if any questions please contact me,-200,-200,-100,-200,-600,200,0,Simple PO case for already signed contract
2,Req - 2241,Clair Unclear,Bert Biggo,Flowers for client event,For our client event in the big convention hall we need some flowers. We tought we choose the same flower store as last year as we have predefinded discounts there,New,Flowerhome,CO 6684,CXMA,Marketing,1,2’400.00,2’400,03.03.2026,03.03.2026,Let us know if you want to change provider,-200,-100,-100,-200,-600,200,0,Direct procure no effort due to very low budget and predefined conditions
3,Req - 2244,Clair Unclear,Bert Biggo,External resources for IT transformation project,"in alignment with the new overall strategy of the company we are looking for a partner to accompany our long term transition to  a state of the art IT department. 
The partner needs to have a very good standing in the market and indept knowledge on new technologies. Furthermore to consultingskills are required.  The detailed requirements are documented based on procurement templates",New,not defined yet,CO 1123,ITPS,Consulting & Professional services,300,1’600.00,480’000,01.02.2026,31.01.2027,strategic initiative wih visibility to top management,-200,-200,100,-200,400,-200,0,high volume consulting. Perfect for RFP
4,Req - 2247,Reto Stausitzer,Wili Wotsienümme,Outsourcing the entire RRSTV services,top secret project: We are looking for a partner taking over all activities of the SSTVE department. Currently no further specification of requirements possible. Can be done during contract negotiations.,New,not defined yet,CO 5548,SSTVE,Consulting & Professional services,3,600’000.00,1’800’000,01.01.2027,31.12.2029,please assure full confidentiality,-200,-200,400,-200,100,-200,,Huge project with RFP need but before requirements need to be defined even requester thinks it is not necessary
5,Req - 2250,Valère Velo,Leroy Lenkrad,Bicycle courier services between two locations.,We need a bycicle courier service between two locations to assure that Board protocols gets transported in a timely  manner. We did some research in the internet and found a good supplier we want to go with.,New,bikeexpress Ldt,CO 6679,POST,Post & Courier,52,50,2600,01.01.2026,31.12.2026,,-200,200,-200,-200,200,-200,0,Project with relevance on confidential information therefore RfP
6,Req - 2253,Clair Unclear,Klara Klartext,IT TSF roll-out,We need some rollers for the roll-out to get out the rolls.,New,Äksentscher AG,CO 6680,WTFY,Not defined,0,90000,0,01.01.2026,31.12.2026,quite urgent,100,-200,200,-200,-400,-200,0,Confusing request nobody understands
7,Req - 2256,Fred Fäd,Leo Legolandia,Servers for Compliance project - urgent,For the running compliance project we need addtional server-capacity. Please order at the same provider as the the big batch (1.5mio) before. We want them from the same supplier (warrenty reason and maintenance),New,Serverfactory Ltd,CO 6681,COPL,IT - Servers,100,2834,283’400,12.04.2026,12.04.2026,critical for the project,-200,200,200,-200,-200,400,0,Urgent project with no time for RFP
8,Req - 2259,Mister Mystery,Mike Misty,Office location in shared office,As we want to establish our business in the city of Cococity we want to get a separate office in the shared space office location. We need 5 permanent workstations,New,not defined yet,CO 6682,CONS,Office spaces,12,4000,48000,01.01.2026,31.12.2026,,-200,-200,100,-200,100,100,0,"Low volume case, clarification, rfp and direct PO all OK"
9,Req - 2262,Piero Paper,Archie Vator,Archiving system,We need to re-evaluate the archiving system. The current solution is not state of the art anymore and does not want fullfile the new regulatory standards provided by the legislator,New,not defined yet,CO 6683,PAPO,IT Systems,3,120000,360000,01.06.2026,01.06.2029,Based on the specifications of last evaluation we updated the requirement to the current needs,-200,-200,-200,-200,400,-400,0,clear RFP
10,Req - 2265,Alex Red,Livia Long,Hostess for recruiting fair,For our next trade fair we need some young good looking hostesses to welcome - mainly male visitors - at our booth,Renewal,Model agency one Ltd,CO 6666,SXYL,Consulting & Professional services,5,1’000.00,5000,01.03.2026,02.03.2026,same provider and conditions as last year,200,-200,100,-200,-400,-400,0,Request against policy
11,Req - 2268,Marco Maserati,Roland Royce,Company car replacement - discount,,Renewal,,CO 6685,WMPK,Equipment,0,-,0,,,,19,20,0,0,10,0,0,Request against policy (contra business)
12,Req - 2271,Nifty Notso,Bert Biggo,IT system implementation,,Renewal,,CO 6686,ITPS,Consulting & Professional services,320,1’500.00,480’000,,,,19,20,0,0,0,100,0,Contract extension for running long term project
13,Req - 2274,Mark Mymoney,Carrie Cash,App design for kids of high wealth clients,,New,,CO 6687,MKTI,Software,0,-,0,,,,19,20,50,0,0,0,0,Typical RFP case
14,Req - 2277,Dino Drucki,Prospère Printerkopf,Rethorb printer for asset high wealth client management,,Renewal,,CO 6688,PRRT,IT - End user hardware,0,-,0,,,,19,20,0,0,0,50,0,Reject request for moving from preferred Provider
15,Req - 2280,Frankie Football,Eddy Ethics,T-shirts for marketing event,,New,,CO 6689,FIFA,??,0,-,0,,,,19,20,100,0,0,0,0,"Low budget request against policy (banned countries pakistan, not explicitely mentioned but name of company gives indication"
16,Req - 2283,Frankie Football,Eddy Ethics,T-shirts for marketing event,,New,,CO 6689,FIFA,??,0,-,0,,,,19,20,0,400,-200,600,700,
17,Req - 2286,Test,ames Anderson,Test,,Test,,Test,Test,0,0,-,0,,,,19,20,200,200,200,200,200,
18,Req - 2287,Fred Fäd,Emma Johnson,Streamlined Customer Service Complaint Solution,,,,,,,,,,,,,1,0,0,0,0,0,0,
19,Req-3659,Mister Mystery,Liam Brown,Evaluation of Marketing Campaign Partner,,,,,,,,,,,,,1,0,0,0,0,0,0,
20,Req-6866,Piero Paper,Olivia Taylor,Structured Employee Performance Review System,,,,,,,,,,,,,1,0,0,0,0,0,0,
21,Req-8871,Alex Red,Ethan Wilson,Traininer for Implementation for New Software,,,,,,,,,,,,,1,0,0,0,0,0,0,
22,Req-4869,Marco Maserati,Sophia Harris,Corporate Conference Event Planning Services,,,,,,,,,,,,,1,0,0,0,0,0,0,
23,Req-5898,Nifty Notso,Benjamin Martin,Market Research Support for New Product Development,,,,,,,,,,,,,1,0,0,0,0,0,0,
24,Req-8027,Mark Mymoney,Charlotte Davis,Assessment of Social Media Engagement Levels,,,,,,,,,,,,,1,0,0,0,0,0,0,
25,Req-2445,Dino Drucki,Mason Moore,Comprehensive Website Usability Testing,,,,,,,,,,,,,1,0,0,0,0,0,0,
26,Req-8468,Frankie Football,Amelia Thompson,Consultant for developing a Crisis Management Plan,,,,,,,,,,,,,1,0,0,0,0,0,0,
27,Req-4596,Frankie Football,Lucas Clark,Office Space Utilization Study Services,,,,,,,,,,,,,1,0,0,0,0,0,0,
28,Req-8403,Clair Unclear,Mia Walker,Brand Repositioning Strategy Development,,,,,,,,,,,,,1,0,0,0,0,0,0,
29,Req-2874,Frankie Football,Alexander Lewis,Customer Feedback Loop System,,,,,,,,,,,,,1,0,0,0,0,0,0,
30,Req-2870,Frankie Football,Grace Hall,Digital Marketing Strategy Assessment,,,,,,,,,,,,,1,0,0,0,0,0,0,
31,Req-5866,Test,Henry Allen,Facility Maintenance Service Provider,,,,,,,,,,,,,1,0,0,0,0,0,0,
32,Req-1387,Clair Unclear,Isabella Young,Market Analysis Tools for Competitive Intelligence,,,,,,,,,,,,,1,0,0,0,0,0,0,
33,Req-2035,Reto Stävau,Noah King,Employee Onboarding Process Enhancement,,,,,,,,,,,,,1,0,0,0,0,0,0,
34,Req-2242,Clair Unclear,Ava Scott,Software Solutions for Project Management,,,,,,,,,,,,,1,0,0,0,0,0,0,
35,Req-2195,Reto Stävau,Elijah Green,Data Analytics Services to Drive Business Insights,,,,,,,,,,,,,1,0,0,0,0,0,0,
36,Req-1948,Valère Velo,Abigail Baker,Outsourcing Options for Customer Support Services,,,,,,,,,,,,,1,0,0,0,0,0,0,
37,Req-9450,Clair Unclear,Sebastian Carter,Y,,,,,,,,,,,,,1,0,0,0,0,0,0,
38,Req-9834,Valère Velo,Emily Perez,Y,,,,,,,,,,,,,1,0,0,0,0,0,0,
39,Req-9559,Clair Unclear,Oliver Roberts,Y,,,,,,,,,,,,,1,0,0,0,0,0,0,
40,Req-9552,Fred Fäd,Ella Turner,Y,,,,,,,,,,,,,1,0,0,0,0,0,0,
41,Req-3199,Mister Mystery,Jacob Campbell,Y,,,,,,,,,,,,,1,0,0,0,0,0,0,